<?xml version="1.0" encoding="UTF-8" standalone="yes"?>
<Measure name="RandomBinaryMeasure" type="BINARY" unite="Numeric">
    <description>A Test Measure delivering colculating the sum of random numbers</description>
    <references expirationDelay="60000" measureRef="RandomGenerator" number="1">
        <role>RandomNumber A</role>
    </references>
    <references expirationDelay="60000" measureRef="RandomGenerator" number="1">
        <role>RandomNumber B</role>
    </references>
    <scopeProperties defaultValue="+" name="Operation">
        <description>Applied Operation</description>
    </scopeProperties>
</Measure>
