<?xml version="1.0" encoding="UTF-8" standalone="yes"?>
<Measure name="RandomGenerator" type="DIRECT" unite="Numeric">
    <description>A Test Measure delivering a random number at each execution</description>
    <scopeProperties defaultValue="0" name="MinRange">
        <description>Min range of RandomGenerator</description>
    </scopeProperties>
    <scopeProperties defaultValue="100" name="MaxRange">
        <description>Max range of RandomGenerator</description>
    </scopeProperties>
    <scopeProperties defaultValue="5" name="Delta">
        <description>Delta max between 2 value </description>
    </scopeProperties>
    <scopeProperties defaultValue="0" name="PreviousValue"/>
</Measure>
